{
  "precision": 0.9361702127659575,
  "recall": 0.7213114754098361,
  "f1_score": 0.8148148148148148,
  "accuracy": 0.9996643563193314,
  "roc_auc": 0.9527791410062995
}